,b_id,b_permit_type,b_category,b_action_type,b_work_type,b_value,b_issue_date,b_final_date,b_expiration_date,b_status,b_lat,b_long
350,6486333,Construction,COMMERCIAL,NEW,Plan Review,6304428.0,2017-01-20,,2018-07-20,Permit Issued,47.61844045,-122.3041441
641,6505889,Construction,COMMERCIAL,NEW,Plan Review,533832.0,2017-06-24,,2018-12-24,Permit Issued,47.55227692,-122.3627132
736,6401146,Construction,COMMERCIAL,NEW,Plan Review,30208787.0,2015-04-24,2017-08-24,2018-04-24,Permit Closed,47.63209422,-122.3419139
773,6461320,Construction,COMMERCIAL,NEW,Plan Review,1100786.0,2016-01-27,2016-11-23,2017-07-27,Permit Closed,47.67402392,-122.2637024
848,6404113,Construction,COMMERCIAL,NEW,Plan Review,6257221.0,2016-01-26,2017-12-28,2019-01-26,Cert of Occupancy Authorized,47.62369467,-122.3362305
1011,6457977,Construction,COMMERCIAL,NEW,Plan Review,550000.0,2016-02-24,,2019-02-24,Permit Issued,47.62127489,-122.3576677
1041,6490679,Construction,COMMERCIAL,NEW,Plan Review,22988198.0,2017-05-07,,2018-11-07,Permit Issued,47.66107313,-122.3156672
1051,6391859,Construction,COMMERCIAL,NEW,Plan Review,1867370.0,2015-05-27,,2016-11-27,Permit Issued,47.5532492,-122.3306313
1185,6367485,Construction,COMMERCIAL,NEW,Plan Review,17000000.0,2014-06-16,2017-04-12,2017-06-16,Permit Closed,47.62107332,-122.335549
1365,6481834,Construction,COMMERCIAL,NEW,Plan Review,27615347.0,2016-06-01,,2019-06-01,Permit Issued,47.60247849,-122.3210096
1389,6573205,Construction,COMMERCIAL,NEW,Plan Review,1029887.0,2017-06-14,,2018-12-14,Permit Issued,47.54561126,-122.3301378
1798,6550345,Construction,COMMERCIAL,NEW,Plan Review,2031553.0,2017-10-18,,2019-04-18,Permit Issued,47.62363862,-122.3070843
1819,6399403,Construction,COMMERCIAL,NEW,Plan Review,2050000.0,2014-07-09,2016-03-28,2016-01-09,Permit Closed,47.62304677,-122.3407984
1927,6369620,Construction,COMMERCIAL,NEW,Plan Review,2844222.0,2014-01-09,2015-07-24,2015-07-09,Permit Closed,47.62264265,-122.33941029999998
2008,6444414,Construction,COMMERCIAL,NEW,Plan Review,66905924.0,2016-09-20,,2018-03-20,Permit Issued,47.61141658,-122.3213695
2171,6355935,Construction,COMMERCIAL,NEW,Plan Review,1750000.0,2013-08-16,2015-06-16,2015-02-16,Permit Finaled,47.61336267,-122.3190838
2283,6546477,Construction,COMMERCIAL,NEW,Plan Review,3986413.0,2018-02-23,,2019-08-23,Permit Issued,47.69325915,-122.343686
2343,6473211,Construction,COMMERCIAL,NEW,Plan Review,38524043.0,2016-06-15,2017-08-16,2017-12-15,Cert of Occupancy Authorized,47.59867342,-122.3352065
2404,6148655,Construction,COMMERCIAL,NEW,Plan Review,7000000.0,2013-05-17,2017-10-30,2017-11-17,Permit Closed,47.6064785,-122.3313647
2462,6355489,Construction,COMMERCIAL,NEW,Plan Review,10100000.0,2016-02-05,2017-08-11,2019-02-05,Permit Closed,47.56082621,-122.3796587
2533,6342717,Construction,COMMERCIAL,NEW,Plan Review,32360177.0,2015-02-11,2017-03-08,2018-02-11,Permit Closed,47.60649933,-122.3399674
2574,6352828,Construction,COMMERCIAL,NEW,Plan Review,12074956.0,2014-04-15,2016-02-23,2017-03-15,Permit Closed,47.61273006,-122.3028953
2737,6309865,Construction,COMMERCIAL,NEW,Plan Review,16184522.0,2016-06-22,,2019-06-22,Permit Issued,47.66503385,-122.312819
2980,6432382,Construction,COMMERCIAL,NEW,Plan Review,811353.0,2015-05-23,2016-08-10,2016-11-23,Permit Closed,47.59814527,-122.3147904
3123,6423734,Construction,COMMERCIAL,NEW,Plan Review,281194637.0,2016-02-16,,2017-08-16,Permit Issued,47.61457019,-122.3340078
3183,6485509,Construction,COMMERCIAL,NEW,Plan Review,1721586.0,2017-02-14,,2018-08-14,Permit Issued,47.57371784,-122.3091716
3271,6412407,Construction,COMMERCIAL,NEW,Plan Review,504460.0,2015-06-30,2016-05-26,2016-12-30,Permit Closed,47.67849569,-122.3763486
3350,6415156,Construction,COMMERCIAL,NEW,Plan Review,3500000.0,2014-11-13,2017-05-08,2017-11-13,Permit Closed,47.54975322,-122.2576911
3719,6358269,Construction,COMMERCIAL,NEW,Plan Review,961878.0,2015-08-28,,2018-08-28,Permit Issued,47.62637298,-122.3365873
3762,6343299,Construction,COMMERCIAL,NEW,Plan Review,836486.0,2015-01-09,2017-05-19,2016-07-09,Permit Closed,47.57429678,-122.3093695
3795,6534447,Construction,COMMERCIAL,NEW,Plan Review,11373391.0,2017-05-10,,2018-11-10,Permit Issued,47.6778653,-122.3177326
3826,6405410,Construction,COMMERCIAL,NEW,Plan Review,8274511.0,2015-03-26,2016-07-26,2016-09-26,Cert of Occupancy Authorized,47.66601132,-122.3772692
3877,6532180,Construction,COMMERCIAL,NEW,Plan Review,23331668.0,2017-03-14,,2018-09-14,Permit Issued,47.6696484,-122.3791989
4113,6320623,Construction,COMMERCIAL,NEW,Plan Review,365223.0,2017-06-21,,2018-12-21,Permit Issued,47.66758083,-122.37527140000002
4133,6468986,Construction,COMMERCIAL,NEW,Plan Review,27011299.0,2016-07-08,,2018-01-08,Permit Issued,47.66919932,-122.37911470000002
4153,6470097,Construction,COMMERCIAL,NEW,Plan Review,9530308.0,2016-11-17,,2018-05-17,Permit Issued,47.70359616,-122.3278326
4196,6440064,Construction,COMMERCIAL,NEW,Plan Review,94805483.0,2016-05-24,,2019-05-24,Permit Issued,47.61879678,-122.3375479
4221,6424483,Construction,COMMERCIAL,NEW,Plan Review,37237341.0,2015-03-09,2016-11-03,2018-03-09,Permit Closed,47.60039583,-122.3324886
4301,6305188,Construction,COMMERCIAL,NEW,Plan Review,4505285.0,2013-08-29,2015-01-08,2015-02-28,Permit Closed,47.67040625,-122.3827844
4336,6254208,Construction,COMMERCIAL,NEW,Plan Review,25246187.0,2014-07-29,2015-12-23,2016-01-29,Permit Closed,47.62345613,-122.3340971
4440,6442274,Construction,COMMERCIAL,NEW,Plan Review,788575.0,2015-03-16,2016-02-24,2016-09-16,Permit Closed,47.69420524,-122.3771011
4654,6472029,Construction,COMMERCIAL,NEW,Plan Review,199040610.0,2017-08-05,,2019-02-05,Permit Issued,47.60669167,-122.33701090000002
4889,6369367,Construction,COMMERCIAL,NEW,Plan Review,3920887.0,2014-09-15,2016-02-03,2016-03-15,Permit Closed,47.6634884,-122.3161243
4906,6443916,Construction,COMMERCIAL,NEW,Plan Review,2200000.0,2015-07-01,2016-08-30,2017-01-01,Permit Closed,47.62267378,-122.36041670000002
5191,6460788,Construction,COMMERCIAL,NEW,Plan Review,3438457.0,2017-12-28,,2019-06-28,Permit Issued,47.68108615,-122.324577
5292,6467548,Construction,COMMERCIAL,NEW,Plan Review,2012624.0,2018-02-06,,2019-08-06,Permit Issued,47.65354763,-122.3441788
5650,6557651,Construction,COMMERCIAL,NEW,Plan Review,18808486.0,2017-09-14,,2019-03-14,Permit Issued,47.59608631,-122.3114199
5761,6283699,Construction,COMMERCIAL,NEW,Plan Review,1705889.0,2013-10-07,2017-03-30,2018-04-07,Cert of Occupancy Authorized,47.61803417,-122.30642240000002
5773,6491637,Construction,COMMERCIAL,NEW,Plan Review,6800000.0,2017-02-23,,2018-08-23,Permit Issued,47.68900024,-122.3436418
5974,6471434,Construction,COMMERCIAL,NEW,Plan Review,47837336.0,2017-06-25,,2018-12-25,Permit Issued,47.62488719,-122.3347023
6431,6490949,Construction,COMMERCIAL,NEW,Plan Review,1593109.0,2016-09-09,,2018-03-09,Permit Issued,47.58257891,-122.3859271
6763,6418862,Construction,COMMERCIAL,NEW,Plan Review,1571475.0,2017-06-24,,2018-12-24,Permit Issued,47.66895441,-122.392453
6810,6424750,Construction,COMMERCIAL,NEW,Plan Review,537012.0,2015-04-23,2016-07-15,2016-10-23,Permit Closed,47.67940268,-122.36642240000002
6822,6308980,Construction,COMMERCIAL,NEW,Plan Review,91249017.0,2013-12-26,2017-07-10,2016-12-26,Permit Closed,47.62251637,-122.3339166
6930,6527793,Construction,COMMERCIAL,NEW,Plan Review,700000.0,2018-01-23,,2019-07-23,Permit Issued,47.61832606,-122.33381509999998
6950,6603279,Construction,COMMERCIAL,NEW,Plan Review,350000.0,2017-12-28,,2019-06-28,Permit Issued,47.65629705,-122.3429757
7084,6428901,Construction,COMMERCIAL,NEW,Plan Review,1223915.0,2015-05-28,2017-10-03,2018-05-28,Permit Closed,47.56974742,-122.3862476
7102,6372962,Construction,COMMERCIAL,NEW,Plan Review,689500.0,2014-07-31,2016-02-18,2016-01-31,Permit Closed,47.62069226,-122.3413943
7399,6385773,Construction,COMMERCIAL,NEW,Plan Review,322850.0,2014-03-04,2015-07-15,2015-09-04,Permit Closed,47.65113101,-122.341569
7513,6400940,Construction,COMMERCIAL,NEW,Plan Review,799950.0,2014-12-23,,2016-06-23,Permit Closed,47.57517064,-122.3865641
7644,6397513,Construction,COMMERCIAL,NEW,Plan Review,4133308.0,2016-04-12,2017-08-03,2017-10-12,Permit Closed,47.62041964,-122.35567749999998
7702,6415654,Construction,COMMERCIAL,NEW,Plan Review,5006110.0,2015-04-17,2017-03-31,2018-04-17,Permit Closed,47.63596506,-122.3262126
8005,6454964,Construction,COMMERCIAL,NEW,Plan Review,902000.0,2017-03-06,,2018-09-06,Permit Issued,47.62103801,-122.3368241
8011,6458228,Construction,COMMERCIAL,NEW,Plan Review,151012894.0,2017-09-08,,2019-03-08,Permit Issued,47.62177959,-122.34293259999998
8130,6162727,Construction,COMMERCIAL,NEW,Plan Review,29975811.0,2013-09-19,2015-09-21,2016-09-19,Permit Closed,47.56122456,-122.381916
8133,6472745,Construction,COMMERCIAL,NEW,Plan Review,24269577.0,2016-02-03,2017-03-17,2017-08-03,Permit Closed,47.70619241,-122.3258761
8377,6401029,Construction,COMMERCIAL,NEW,Plan Review,467147.0,2014-09-20,2015-08-03,2016-03-20,Permit Closed,47.68913797,-122.32322340000002
8515,6350908,Construction,COMMERCIAL,NEW,Plan Review,909473.0,2013-06-28,2016-08-02,2017-12-28,Permit Closed,47.58121431,-122.3150726
8572,6437088,Construction,COMMERCIAL,NEW,Plan Review,922718.0,2015-03-12,2016-05-03,2016-09-12,Permit Closed,47.6133383,-122.3071104
8798,6291990,Construction,COMMERCIAL,NEW,Plan Review,5818738.0,2013-10-08,2015-08-28,2016-10-08,Permit Closed,47.7325639,-122.3559097
8887,6403730,Construction,COMMERCIAL,NEW,Plan Review,32048979.0,2014-08-21,2016-04-11,2017-08-21,Permit Closed,47.62893599,-122.3414135
9021,6486794,Construction,COMMERCIAL,NEW,Plan Review,918760.0,2016-08-07,,2019-08-07,Permit Issued,47.57521055,-122.3870216
9315,6451132,Construction,COMMERCIAL,NEW,Plan Review,37623062.0,2017-08-04,,2019-02-04,Permit Issued,47.60984592,-122.3244001
9484,6504981,Construction,COMMERCIAL,NEW,Plan Review,463320.0,2016-02-24,2016-07-22,2017-08-24,Permit Closed,47.66853804,-122.3537027
9597,6477482,Construction,COMMERCIAL,NEW,Plan Review,2510056.0,2016-01-15,,2019-01-15,Permit Issued,47.61879678,-122.3375479
9643,6282461,Construction,COMMERCIAL,NEW,Plan Review,1099065.0,2014-06-02,2016-03-23,2017-06-02,Cert of Occupancy Authorized,47.56965147,-122.2901043
9896,6425246,Construction,COMMERCIAL,NEW,Plan Review,6053467.0,2015-06-15,2017-02-28,2017-06-15,Permit Closed,47.60420403,-122.3183261
9907,6284321,Construction,COMMERCIAL,NEW,Plan Review,142981553.0,2015-09-21,2017-12-08,2018-09-21,Permit Closed,47.61698493,-122.3319657
9958,6275717,Construction,COMMERCIAL,NEW,Plan Review,1190271.0,2015-11-09,,2018-11-09,Permit Issued,47.55498721,-122.387419
9971,6462724,Construction,COMMERCIAL,NEW,Plan Review,4604513.0,2017-02-02,,2018-08-02,Permit Issued,47.67713238,-122.3159665
10118,6321397,Construction,COMMERCIAL,NEW,Plan Review,10259705.0,2013-09-13,2015-11-18,2016-09-13,Permit Closed,47.56083821,-122.3864761
10221,6357936,Construction,COMMERCIAL,NEW,Plan Review,3258260.0,2013-10-10,2014-12-08,2015-04-10,Permit Closed,47.66144483,-122.387245
10265,6547698,Construction,COMMERCIAL,NEW,Plan Review,375000.0,2017-05-15,,2018-11-15,Permit Issued,47.57770886,-122.31020490000002
10308,6528954,Construction,COMMERCIAL,NEW,Plan Review,800000.0,2017-03-17,,2018-09-17,Permit Issued,47.6401174,-122.3411204
10361,6354400,Construction,COMMERCIAL,NEW,Plan Review,12393074.0,2015-05-21,2017-01-23,2018-05-21,Permit Closed,47.64804333,-122.3566887
10381,6431572,Construction,COMMERCIAL,NEW,Plan Review,2650000.0,2015-03-03,,2016-09-03,Permit Closed,47.60039583,-122.3324886
10462,6444679,Construction,COMMERCIAL,NEW,Plan Review,430000.0,2015-07-29,2016-12-21,2017-01-29,Permit Closed,47.62328820000001,-122.3186138
10654,6340569,Construction,COMMERCIAL,NEW,Plan Review,13869001.0,2013-05-24,2015-10-08,2016-05-24,Permit Closed,47.61523711,-122.33836399999998
10762,6510185,Construction,COMMERCIAL,NEW,Plan Review,94127654.0,2017-11-01,,2019-05-01,Permit Issued,47.61282934,-122.342242
10781,6327888,Construction,COMMERCIAL,NEW,Plan Review,8624394.0,2015-03-19,2017-05-24,2016-09-19,Permit Closed,47.5797349,-122.3113805
10792,6355565,Construction,COMMERCIAL,NEW,Plan Review,56222704.0,2017-05-24,,2018-11-24,Permit Issued,47.62155451,-122.3414534
10828,6320888,Construction,COMMERCIAL,NEW,Plan Review,37996824.0,2014-05-19,2017-03-29,2017-05-19,Permit Closed,47.61507396,-122.3275934
10926,6478526,Construction,COMMERCIAL,NEW,Plan Review,1669514.0,2017-01-06,,2018-07-06,Permit Issued,47.70822046,-122.3455063
10951,6270553,Construction,COMMERCIAL,NEW,Plan Review,38615380.0,2015-11-30,2015-12-02,2017-05-30,Permit Closed,47.66786255,-122.3811338
10954,6507739,Construction,COMMERCIAL,NEW,Plan Review,434000.0,2017-01-20,,2018-07-20,Permit Issued,47.61844045,-122.3041441
11341,6375520,Construction,COMMERCIAL,NEW,Plan Review,700000.0,2014-04-11,2015-08-21,2015-10-11,Permit Closed,47.61508327,-122.32244070000002
11413,6418877,Construction,COMMERCIAL,NEW,Plan Review,700000.0,2015-06-15,2017-06-30,2018-06-15,Permit Closed,47.61779708,-122.30527759999998
11432,6539566,Construction,COMMERCIAL,NEW,Plan Review,426621.0,2017-08-21,,2019-02-21,Permit Issued,47.55373809,-122.3875829
11881,6351824,Construction,COMMERCIAL,NEW,Plan Review,3197568.0,2014-07-24,2016-08-16,2017-07-24,Permit Closed,47.60594155,-122.3147824
11917,6503324,Construction,COMMERCIAL,NEW,Plan Review,51015497.0,2017-09-09,,2019-03-09,Permit Issued,47.60423386,-122.3154862
11999,6535907,Construction,COMMERCIAL,NEW,Plan Review,7150000.0,2018-03-01,,2019-09-01,Permit Issued,47.61801358,-122.3320086
12104,6377726,Construction,COMMERCIAL,NEW,Plan Review,779533.0,2016-01-27,2016-11-23,2017-07-27,Permit Closed,47.67406865,-122.2637947
12251,6223833,Construction,COMMERCIAL,NEW,Plan Review,3452437.0,2015-02-24,2017-02-08,2018-02-24,Permit Closed,47.61946557,-122.3549321
12325,6532514,Construction,COMMERCIAL,NEW,Plan Review,4100000.0,2017-04-18,,2018-10-18,Permit Issued,47.62546116,-122.3355124
12600,6460736,Construction,COMMERCIAL,NEW,Plan Review,830090.0,2015-04-27,2016-11-07,2016-10-27,Permit Closed,47.69908317,-122.3281009
12776,6098854,Construction,COMMERCIAL,NEW,Plan Review,2823000.0,2014-08-18,2016-09-26,2016-02-18,Permit Finaled,47.64790943,-122.3381579
12866,6471826,Construction,COMMERCIAL,NEW,Plan Review,1500000.0,2017-12-29,,2019-06-29,Permit Issued,47.62287326,-122.3400188
13164,6481711,Construction,COMMERCIAL,NEW,Plan Review,432819.0,2016-08-07,,2019-08-07,Permit Issued,47.57521055,-122.3870216
13319,6431324,Construction,COMMERCIAL,NEW,Plan Review,778102.0,2016-02-03,2017-06-15,2017-08-03,Permit Closed,47.6183645,-122.3064866
13557,6349605,Construction,COMMERCIAL,NEW,Plan Review,76001621.0,2015-03-13,2017-10-16,2018-03-13,Permit Closed,47.61067146,-122.3395868
13683,6411450,Construction,COMMERCIAL,NEW,Plan Review,11520190.0,2015-06-16,2017-05-22,2018-06-16,Permit Closed,47.6692679,-122.3780555
13828,6330639,Construction,COMMERCIAL,NEW,Plan Review,1731201.0,2013-06-18,2014-10-30,2014-12-18,Cert of Occupancy Authorized,47.61728899,-122.316704
13908,6226141,Construction,COMMERCIAL,NEW,Plan Review,10618568.0,2015-07-30,2017-04-20,2017-01-30,Permit Closed,47.64464664,-122.3261037
13923,6533240,Construction,COMMERCIAL,NEW,Plan Review,4600000.0,2017-04-25,,2018-10-25,Permit Issued,47.62538578,-122.33645459999998
13957,6511696,Construction,COMMERCIAL,NEW,Plan Review,2905375.0,2016-09-16,,2018-03-16,Permit Issued,47.60601002,-122.3231741
14102,6531885,Construction,COMMERCIAL,NEW,Plan Review,300000.0,2017-06-20,,2018-12-20,Permit Issued,47.62297189,-122.3597413
14103,6334429,Construction,COMMERCIAL,NEW,Plan Review,15700000.0,2013-08-23,,2017-08-23,Permit Issued,47.66006585,-122.3140358
14119,6300726,Construction,COMMERCIAL,NEW,Plan Review,3555000.0,2013-06-11,2015-04-06,2016-12-11,Permit Closed,47.56724864,-122.3077676
14290,6601975,Construction,COMMERCIAL,NEW,Plan Review,4000000.0,2018-01-11,,2019-07-11,Permit Issued,47.59881286,-122.301902
14376,6477452,Construction,COMMERCIAL,NEW,Plan Review,3550000.0,2016-01-22,2017-08-08,2017-07-22,Permit Closed,47.6496355,-122.3484192
14419,6561170,Construction,COMMERCIAL,NEW,Plan Review,12756362.0,2018-01-23,,2019-07-23,Permit Issued,47.62244513,-122.3427658
14541,6170569,Construction,COMMERCIAL,NEW,Plan Review,15849508.0,2013-11-13,2013-11-15,2015-05-13,Permit Closed,47.66838544,-122.37200690000002
14671,6538040,Construction,COMMERCIAL,NEW,Plan Review,3293136.0,2017-04-10,,2018-10-10,Permit Issued,47.67596867,-122.3146306
14809,6380059,Construction,COMMERCIAL,NEW,Plan Review,68456803.0,2014-12-31,2017-03-27,2017-12-30,Permit Closed,47.62334132,-122.3345852
14972,6512963,Construction,COMMERCIAL,NEW,Plan Review,25128825.0,2017-06-22,,2018-12-22,Permit Issued,47.59889419,-122.3203912
15109,6507552,Construction,COMMERCIAL,NEW,Plan Review,1500000.0,2016-08-19,,2019-08-19,Permit Issued,47.62149429,-122.3312055
15202,6450358,Construction,COMMERCIAL,NEW,Plan Review,1003319.0,2016-07-26,2017-07-24,2018-01-26,Permit Closed,47.65108945,-122.3519223
15241,6528917,Construction,COMMERCIAL,NEW,Plan Review,55903901.0,2017-09-01,,2019-03-01,Permit Issued,47.62546116,-122.3355124
15503,6168149,Construction,COMMERCIAL,NEW,Plan Review,691914.0,2013-09-12,,2015-03-12,Permit Issued,47.65648235,-122.3611881
15542,6366843,Construction,COMMERCIAL,NEW,Plan Review,1800000.0,2014-05-27,2016-08-12,2017-05-27,Permit Closed,47.56349829,-122.3764051
15589,6516430,Construction,COMMERCIAL,NEW,Plan Review,21695542.0,2017-08-12,,2019-02-12,Permit Issued,47.67641731,-122.3153571
15655,6191419,Construction,COMMERCIAL,NEW,Plan Review,2025448.0,2014-08-04,2016-09-26,2017-08-04,Permit Closed,47.56349829,-122.3764051
16033,6582730,Construction,COMMERCIAL,NEW,Plan Review,6964000.0,2017-09-13,,2019-03-13,Permit Issued,47.61695396,-122.339922
16135,6481171,Construction,COMMERCIAL,NEW,Plan Review,405000.0,2017-04-13,,2018-10-13,Permit Issued,47.61919138,-122.3131263
16136,6130321,Construction,COMMERCIAL,NEW,Plan Review,316232.0,2013-10-29,2014-05-28,2015-04-29,Permit Closed,47.66695987,-122.376859
16399,6551143,Construction,COMMERCIAL,NEW,Plan Review,6132725.0,2017-09-15,,2019-03-15,Permit Issued,47.61431284,-122.3152928
16442,6551780,Construction,COMMERCIAL,NEW,Plan Review,300000.0,2017-06-22,,2018-12-22,Permit Issued,47.69532615,-122.3557962
16634,6599695,Construction,COMMERCIAL,NEW,Plan Review,6377388.0,2018-03-07,,2019-09-07,Permit Issued,47.65629705,-122.3429757
16730,6366650,Construction,COMMERCIAL,NEW,Plan Review,1500000.0,2014-05-21,2015-12-10,2015-11-21,Permit Closed,47.61507396,-122.3275934
16845,6537336,Construction,COMMERCIAL,NEW,Plan Review,1202124.0,2017-10-21,,2019-04-21,Permit Issued,47.54359577,-122.3768133
16991,6517080,Construction,COMMERCIAL,NEW,Plan Review,3530913.0,2017-04-28,,2018-10-28,Permit Issued,47.62458703,-122.307729
17041,6384379,Construction,COMMERCIAL,NEW,Plan Review,298282.0,2014-05-16,2015-03-20,2015-11-16,Permit Closed,47.71458541,-122.2985599
17117,6350629,Construction,COMMERCIAL,NEW,Plan Review,15147171.0,2014-12-03,2016-10-12,2017-12-03,Permit Closed,47.61387582,-122.3252557
17280,6365081,Construction,COMMERCIAL,NEW,Plan Review,10222562.0,2013-10-02,2015-06-11,2016-10-02,Permit Closed,47.58538659,-122.3231348
17364,6366004,Construction,COMMERCIAL,NEW,Plan Review,3000000.0,2014-05-17,2016-07-29,2017-05-17,Permit Closed,47.65310607,-122.34318020000002
17443,6467882,Construction,COMMERCIAL,NEW,Plan Review,400000.0,2016-02-18,,2017-08-18,Permit Issued,47.66124841,-122.3384325
17529,6448442,Construction,COMMERCIAL,NEW,Plan Review,2500000.0,2016-12-13,,2018-06-13,Permit Issued,47.64810523,-122.3324244
18122,6356077,Construction,COMMERCIAL,NEW,Plan Review,1150500.0,2014-02-16,2016-02-23,2017-02-16,Permit Closed,47.61273006,-122.3028953
18187,6488562,Construction,COMMERCIAL,NEW,Plan Review,21525728.0,2017-05-03,,2018-11-03,Permit Issued,47.70351365,-122.3278847
18404,6525123,Construction,COMMERCIAL,NEW,Plan Review,2508250.0,2017-02-28,,2018-08-28,Permit Issued,47.66249618,-122.3702453
18473,6307521,Construction,COMMERCIAL,NEW,Plan Review,6000000.0,2017-02-22,,2020-02-22,Permit Issued,47.62419713,-122.3444451
18581,6314548,Construction,COMMERCIAL,NEW,Plan Review,25123512.0,2014-03-04,2015-08-26,2015-09-04,Permit Closed,47.61754059,-122.33621940000002
18753,6314549,Construction,COMMERCIAL,NEW,Plan Review,13750828.0,2013-08-15,2015-06-02,2016-08-15,Permit Closed,47.56013448,-122.3864298
18767,6488874,Construction,COMMERCIAL,NEW,Plan Review,478884.0,2016-12-17,,2018-06-17,Permit Issued,47.57528645,-122.3870753
18836,6337899,Construction,COMMERCIAL,NEW,Plan Review,17650659.0,2014-11-14,2016-09-08,2017-01-14,Permit Closed,47.69034191,-122.3584354
19102,6424116,Construction,COMMERCIAL,NEW,Plan Review,522274.0,2015-03-12,2017-05-19,2016-09-12,Permit Closed,47.61333454,-122.3059934
19204,6338447,Construction,COMMERCIAL,NEW,Plan Review,346410.0,2013-12-19,2017-05-19,2016-12-19,Permit Closed,47.61231601,-122.2891847
19357,6485335,Construction,COMMERCIAL,NEW,Plan Review,446491.0,2016-03-02,2016-10-04,2017-09-02,Permit Closed,47.72524369,-122.2921326
19500,6355538,Construction,COMMERCIAL,NEW,Plan Review,56104855.0,2017-01-04,,2018-07-04,Permit Issued,47.6213124,-122.34076609999998
19924,6367484,Construction,COMMERCIAL,NEW,Plan Review,74449086.0,2014-11-13,2017-09-06,2017-11-13,Permit Closed,47.6217268,-122.3347899
19961,6472250,Construction,COMMERCIAL,NEW,Plan Review,2579000.0,2016-05-11,,2017-11-11,Permit Issued,47.62071032,-122.3394284
19995,6307282,Construction,COMMERCIAL,NEW,Plan Review,30741554.0,2013-09-13,2015-07-07,2016-09-13,Cert of Occupancy Authorized,47.61336267,-122.3190838
20051,6392079,Construction,COMMERCIAL,NEW,Plan Review,795775.0,2014-08-29,2016-01-12,2016-02-29,Permit Closed,47.56520327,-122.3873476
20113,6340976,Construction,COMMERCIAL,NEW,Plan Review,889699.0,2013-07-19,2015-06-18,2015-01-19,Permit Finaled,47.55926496,-122.28655390000002
20128,6497278,Construction,COMMERCIAL,NEW,Plan Review,14665160.0,2016-08-12,,2019-08-12,Permit Issued,47.61619705,-122.3178559
20227,6439228,Construction,COMMERCIAL,NEW,Plan Review,5850802.0,2017-04-26,,2018-10-26,Permit Issued,47.63409823,-122.3431405
20234,6412403,Construction,COMMERCIAL,NEW,Plan Review,2834000.0,2017-06-13,,2018-12-13,Permit Issued,47.64021493,-122.37899509999998
20493,6442978,Construction,COMMERCIAL,NEW,Plan Review,22499484.0,2017-02-13,,2018-08-13,Permit Issued,47.61330272,-122.3031755
20579,6509327,Construction,COMMERCIAL,NEW,Plan Review,6133785.0,2017-07-12,,2019-01-12,Permit Issued,47.65141714,-122.320829
20587,6503460,Construction,COMMERCIAL,NEW,Plan Review,89146886.0,2018-03-01,,2019-09-01,Permit Issued,47.59881286,-122.301902
20662,6369324,Construction,COMMERCIAL,NEW,Plan Review,4179902.0,2013-11-22,2015-04-16,2015-05-22,Permit Closed,47.62154693,-122.3401645
20802,6428900,Construction,COMMERCIAL,NEW,Plan Review,733687.0,2015-05-28,,2018-05-28,Permit Issued,47.56974594,-122.3865438
20805,6269009,Construction,COMMERCIAL,NEW,Plan Review,18444018.0,2014-07-16,,2019-01-16,Permit Issued,47.57470521,-122.3211592
21008,6164894,Construction,COMMERCIAL,NEW,Plan Review,42738310.0,2014-10-01,2017-04-27,2017-10-01,Permit Closed,47.61070574,-122.3413759
21209,6361128,Construction,COMMERCIAL,NEW,Plan Review,11081844.0,2013-10-02,2015-06-11,2016-10-02,Permit Closed,47.58542454,-122.3218658
21423,6542094,Construction,COMMERCIAL,NEW,Plan Review,4200000.0,2017-03-17,,2018-09-17,Permit Issued,47.61889483,-122.3348704
21434,6444409,Construction,COMMERCIAL,NEW,Plan Review,10358587.0,2016-05-13,,2019-06-13,Permit Issued,47.62334513,-122.33620729999998
21452,6314268,Construction,COMMERCIAL,NEW,Plan Review,25232064.0,2014-09-09,2016-06-15,2017-09-09,Permit Closed,47.62069226,-122.3413943
21456,6432244,Construction,COMMERCIAL,NEW,Plan Review,9643078.0,2015-03-18,2016-08-09,2016-09-18,Permit Closed,47.57973893,-122.31172
21741,6471740,Construction,COMMERCIAL,NEW,Plan Review,2752419.0,2016-02-29,2017-08-21,2017-08-28,Permit Closed,47.53492262,-122.3763023
21844,6461431,Construction,COMMERCIAL,NEW,Plan Review,15527000.0,2015-12-07,2017-04-18,2017-06-07,Permit Closed,47.5396309,-122.2819217
21875,6285569,Construction,COMMERCIAL,NEW,Plan Review,21240528.0,2013-06-05,2014-09-22,2014-12-05,Permit Closed,47.61834907,-122.34833059999998
21886,6455920,Construction,COMMERCIAL,NEW,Plan Review,27285007.0,2016-02-18,2017-08-14,2017-08-18,Permit Closed,47.6496355,-122.3484192
21959,6392960,Construction,COMMERCIAL,NEW,Plan Review,838686.0,2015-01-07,2017-08-15,2016-07-07,Permit Closed,47.58415895,-122.3867189
21967,6374586,Construction,COMMERCIAL,NEW,Plan Review,13152775.0,2014-07-23,2017-12-14,2019-01-23,Permit Closed,47.61586972,-122.3393811
22114,6365079,Construction,COMMERCIAL,NEW,Plan Review,10226666.0,2013-10-02,2015-06-11,2016-10-02,Permit Closed,47.58580679,-122.3231212
22312,6148257,Construction,COMMERCIAL,NEW,Plan Review,112461148.0,2013-11-22,,2018-05-22,Permit Issued,47.60547767,-122.3311908
22360,6332258,Construction,COMMERCIAL,NEW,Plan Review,19941156.0,2015-06-06,2017-03-03,2018-06-06,Permit Closed,47.69908317,-122.3281009
22526,6360802,Construction,COMMERCIAL,NEW,Plan Review,5584163.0,2014-08-18,2015-11-20,2016-02-18,Permit Closed,47.65295277,-122.3559441
22601,6511148,Construction,COMMERCIAL,NEW,Plan Review,1400000.0,2016-09-13,2017-09-08,2018-03-13,Permit Closed,47.58762597,-122.3066973
22687,6437638,Construction,COMMERCIAL,NEW,Plan Review,964612.0,2017-05-04,,2018-11-04,Permit Issued,47.65747839,-122.3864437
22818,6387901,Construction,COMMERCIAL,NEW,Plan Review,67424413.0,2015-09-16,2017-06-06,2018-09-16,Permit Closed,47.6223157,-122.3419568
22831,6516882,Construction,COMMERCIAL,NEW,Plan Review,725000.0,2017-03-16,,2018-09-16,Permit Issued,47.59889419,-122.3203912
22993,6583298,Construction,COMMERCIAL,NEW,Plan Review,400000.0,2018-01-09,,2019-07-09,Permit Issued,47.68789512,-122.3548864
23142,6566970,Construction,COMMERCIAL,NEW,Plan Review,960789.0,2017-09-29,,2019-03-29,Permit Issued,47.62244513,-122.3427658
23193,6307520,Construction,COMMERCIAL,NEW,Plan Review,57499285.0,2017-02-23,,2020-02-23,Permit Issued,47.62419713,-122.3444451
23514,6361888,Construction,COMMERCIAL,NEW,Plan Review,124494740.0,2014-11-13,2017-09-27,2017-11-13,Permit Closed,47.62107332,-122.335549
23552,6501703,Construction,COMMERCIAL,NEW,Plan Review,1644000.0,2016-06-03,2018-02-26,2019-06-03,Permit Closed,47.61619705,-122.3178559
23748,6562844,Construction,COMMERCIAL,NEW,Plan Review,5791010.0,2017-11-18,,2019-05-18,Permit Issued,47.66914187,-122.3786519
23831,6365080,Construction,COMMERCIAL,NEW,Plan Review,10940686.0,2013-10-02,2015-06-11,2016-10-02,Permit Closed,47.58577803,-122.3218707
23899,6429203,Construction,COMMERCIAL,NEW,Plan Review,440260.0,2015-04-13,2017-05-19,2016-10-13,Permit Closed,47.69399944,-122.3771033
23902,6566148,Construction,COMMERCIAL,NEW,Plan Review,292303.0,2017-06-24,,2018-12-24,Permit Issued,47.55227848,-122.3626707
24019,6465195,Construction,COMMERCIAL,NEW,Plan Review,1382939.0,2018-02-02,,2019-08-02,Permit Issued,47.60601964,-122.3157085
24071,6428897,Construction,COMMERCIAL,NEW,Plan Review,776399.0,2015-05-28,,2018-05-28,Permit Issued,47.56950918,-122.3865438
24109,6444219,Construction,COMMERCIAL,NEW,Plan Review,425104.0,2015-04-13,2017-05-19,2016-10-13,Permit Closed,47.69395813,-122.3772765
24110,6362512,Construction,COMMERCIAL,NEW,Plan Review,22788298.0,2017-01-20,,2018-07-20,Permit Issued,47.5990341,-122.3087322
24121,6551760,Construction,COMMERCIAL,NEW,Plan Review,1428799.0,2016-11-07,,2018-05-07,Permit Issued,47.72655912,-122.3473621
24223,6356939,Construction,COMMERCIAL,NEW,Plan Review,1500000.0,2014-07-29,2015-12-10,2016-01-29,Permit Closed,47.62345613,-122.3340971
24229,6327097,Construction,COMMERCIAL,NEW,Plan Review,9425591.0,2015-12-11,,2018-12-11,Permit Issued,47.61445789,-122.3133533
24265,6395326,Construction,COMMERCIAL,NEW,Plan Review,1000000.0,2014-03-04,2015-07-28,2015-09-04,Permit Closed,47.61754059,-122.33621940000002
24362,6285190,Construction,COMMERCIAL,NEW,Plan Review,23355824.0,2013-11-26,2016-04-18,2016-11-26,Permit Closed,47.62008761,-122.3479865
24448,6281378,Construction,COMMERCIAL,NEW,Plan Review,11750000.0,2013-09-11,2015-09-24,2016-09-11,Permit Closed,47.67054426,-122.3880165
24535,6545590,Construction,COMMERCIAL,NEW,Plan Review,1960000.0,2017-01-17,,2018-07-17,Permit Issued,47.62155451,-122.3414534
24562,6352578,Construction,COMMERCIAL,NEW,Plan Review,6739070.0,2015-07-20,2016-12-16,2017-01-20,Permit Closed,47.62422755,-122.3571004
24650,6155458,Construction,COMMERCIAL,NEW,Plan Review,93492070.0,2015-02-02,2017-07-18,2018-02-02,Permit Closed,47.61712077,-122.331524
24666,6387467,Construction,COMMERCIAL,NEW,Plan Review,114057844.0,2015-08-24,2018-02-15,2018-08-24,Permit Closed,47.61709778,-122.3375332
24741,6353535,Construction,COMMERCIAL,NEW,Plan Review,26621027.0,2014-02-24,2015-06-01,2015-08-24,Permit Closed,47.61665268,-122.3326278
24976,6381196,Construction,COMMERCIAL,NEW,Plan Review,433882.0,2014-05-08,2015-11-16,2017-05-08,Permit Closed,47.56314898,-122.3139228
25049,6284918,Construction,COMMERCIAL,NEW,Plan Review,65935756.0,2014-02-24,2015-08-07,2015-08-24,Permit Closed,47.62264265,-122.33941029999998
25088,6502444,Construction,COMMERCIAL,NEW,Plan Review,930000.0,2016-12-21,2017-10-17,2018-06-21,Permit Finaled,47.61330272,-122.3031755
25139,6518818,Construction,COMMERCIAL,NEW,Plan Review,2250000.0,2016-12-05,,2018-06-05,Permit Issued,47.66896235,-122.3758032
25142,6428902,Construction,COMMERCIAL,NEW,Plan Review,904710.0,2015-05-28,,2018-05-28,Permit Issued,47.570035,-122.3865322
25209,6517022,Construction,COMMERCIAL,NEW,Plan Review,23800758.0,2016-11-07,,2018-05-07,Permit Issued,47.72655912,-122.3473621
25347,6470080,Construction,COMMERCIAL,NEW,Plan Review,3548403.0,2016-11-17,,2018-05-17,Permit Issued,47.70225455,-122.327264
25520,6361994,Construction,COMMERCIAL,NEW,Plan Review,6216326.0,2017-04-10,,2018-10-10,Permit Issued,47.63560283,-122.3266618
25579,6439675,Construction,COMMERCIAL,NEW,Plan Review,7000000.0,2015-06-30,2017-05-04,2016-12-30,Permit Closed,47.6223157,-122.3419568
25750,6424751,Construction,COMMERCIAL,NEW,Plan Review,505548.0,2015-04-23,2016-07-14,2016-10-23,Permit Closed,47.67928327,-122.3664206
25874,6528046,Construction,COMMERCIAL,NEW,Plan Review,13589082.0,2017-07-13,,2019-01-13,Permit Issued,47.62297189,-122.3597413
26045,6353526,Construction,COMMERCIAL,NEW,Plan Review,2069779.0,2014-06-27,2016-03-15,2015-12-27,Permit Closed,47.61070574,-122.3413759
26066,6328836,Construction,COMMERCIAL,NEW,Plan Review,567692.0,2013-07-25,2015-05-29,2016-07-25,Permit Closed,47.6018613,-122.3176418
26083,6531355,Construction,COMMERCIAL,NEW,Plan Review,329868.0,2017-03-14,,2018-09-14,Permit Issued,47.66185159,-122.2931553
26170,6484157,Construction,COMMERCIAL,NEW,Plan Review,660000.0,2016-01-08,2016-09-08,2017-07-08,Permit Closed,47.60969943,-122.3214496
26205,6506274,Construction,COMMERCIAL,NEW,Plan Review,14718350.0,2017-03-08,,2018-09-08,Permit Issued,47.69674524,-122.34613459999998
26208,6379983,Construction,COMMERCIAL,NEW,Plan Review,793611.0,2015-02-07,2016-07-18,2016-08-07,Permit Closed,47.56269521,-122.2883197
26234,6372653,Construction,COMMERCIAL,NEW,Plan Review,313914.0,2014-10-13,2016-02-23,2016-04-13,Permit Closed,47.61201327,-122.2895923
26427,6321396,Construction,COMMERCIAL,NEW,Plan Review,28213447.0,2013-09-13,2015-11-18,2016-09-13,Permit Closed,47.5608203,-122.3859015
26653,6475243,Construction,COMMERCIAL,NEW,Plan Review,900500.0,2016-06-15,,2017-12-15,Permit Issued,47.61192309,-122.3454462
26685,6339621,Construction,COMMERCIAL,NEW,Plan Review,6663300.0,2013-06-19,2015-04-30,2016-06-19,Permit Closed,47.56173976,-122.2672787
26689,6343709,Construction,COMMERCIAL,NEW,Plan Review,36354600.0,2014-07-28,,2017-07-28,Permit Issued,47.62033328,-122.3332502
26756,6205595,Construction,COMMERCIAL,NEW,Plan Review,471595.0,2013-10-18,,2018-04-18,Permit Issued,47.53033521,-122.3238472
26773,6390051,Construction,COMMERCIAL,NEW,Plan Review,1485648.0,2015-07-09,2017-02-09,2018-07-09,Permit Closed,47.58620761,-122.3019312
26804,6464481,Construction,COMMERCIAL,NEW,Plan Review,900000.0,2015-10-30,2017-03-06,2017-04-30,Permit Closed,47.61894243,-122.3544838
26805,6304715,Construction,COMMERCIAL,NEW,Plan Review,1141131.0,2013-05-07,2014-07-08,2014-11-07,Permit Closed,47.61805139,-122.3104763
26818,6477997,Construction,COMMERCIAL,NEW,Plan Review,5200000.0,2017-01-03,,2018-07-03,Permit Issued,47.66415589,-122.2984674
27069,6295045,Construction,COMMERCIAL,NEW,Plan Review,12567914.0,2013-04-29,2014-09-25,2014-10-29,Permit Closed,47.66414599,-122.3166552
27237,6328835,Construction,COMMERCIAL,NEW,Plan Review,489510.0,2013-07-25,2015-05-29,2016-07-25,Permit Closed,47.60218074,-122.3179655
27252,6439933,Construction,COMMERCIAL,NEW,Plan Review,554000.0,2016-02-05,2017-08-09,2017-08-05,Permit Closed,47.56082621,-122.3796587
27557,6371235,Construction,COMMERCIAL,NEW,Plan Review,26191661.0,2014-04-29,2015-10-05,2015-10-29,Permit Closed,47.67607614,-122.3184738
28459,6515960,Construction,COMMERCIAL,NEW,Plan Review,3300000.0,2017-05-04,,2018-11-04,Permit Issued,47.62177959,-122.34293259999998
28537,6562732,Construction,COMMERCIAL,NEW,Plan Review,15000000.0,2017-11-18,,2019-05-18,Permit Issued,47.60896713,-122.3348214
28904,6345134,Construction,COMMERCIAL,NEW,Plan Review,10867590.0,2013-07-24,2014-09-29,2015-01-24,Permit Closed,47.62001578,-122.3419767
29012,6289114,Construction,COMMERCIAL,NEW,Plan Review,57272930.0,2013-04-24,2014-10-14,2016-04-24,Permit Closed,47.62384112,-122.3394213
29083,6511719,Construction,COMMERCIAL,NEW,Plan Review,850000.0,2017-03-13,,2018-09-13,Permit Issued,47.65141714,-122.320829
29515,6429405,Construction,COMMERCIAL,NEW,Plan Review,3536369.0,2016-08-30,,2019-08-28,Permit Issued,47.61469864,-122.3271735
29555,6501379,Construction,COMMERCIAL,NEW,Plan Review,5000000.0,2016-07-07,,2018-01-07,Permit Issued,47.61141658,-122.3213695
29566,6428460,Construction,COMMERCIAL,NEW,Plan Review,322790.0,2015-04-06,2016-09-14,2016-10-06,Permit Closed,47.69183352,-122.2900506
29649,6303090,Construction,COMMERCIAL,NEW,Plan Review,2460495.0,2013-04-26,2015-03-30,2014-10-26,Permit Closed,47.72859378,-122.3166394
29868,6348540,Construction,COMMERCIAL,NEW,Plan Review,800000.0,2014-03-10,,2017-03-10,Permit Closed,47.62033328,-122.3332502
29953,6528588,Construction,COMMERCIAL,NEW,Plan Review,18816410.0,2017-12-28,,2019-06-28,Permit Issued,47.55940704,-122.3811557
29965,6165135,Construction,COMMERCIAL,NEW,Plan Review,18153897.0,2015-02-23,2017-10-04,2018-02-23,Permit Closed,47.72943418,-122.29156770000002
29997,6362569,Construction,COMMERCIAL,NEW,Plan Review,1190086.0,2018-03-13,,2019-09-13,Permit Issued,47.64984035,-122.3218308
30328,6596739,Construction,COMMERCIAL,NEW,Plan Review,750000.0,2018-03-14,,2019-09-14,Permit Issued,47.61997251,-122.3388731
30389,6516017,Construction,COMMERCIAL,NEW,Plan Review,41066596.0,2017-09-24,,2019-03-24,Permit Issued,47.66896235,-122.3758032
30394,6459663,Construction,COMMERCIAL,NEW,Plan Review,236806775.0,2018-01-19,,2019-07-19,Permit Issued,47.61695396,-122.339922
30410,6610561,Construction,COMMERCIAL,NEW,Plan Review,494725.0,2018-03-14,,2019-09-14,Permit Issued,47.66725170000001,-122.3866312
30484,6462373,Construction,COMMERCIAL,NEW,Plan Review,4089177.0,2017-02-02,,2018-08-02,Permit Issued,47.67602964,-122.3159128
30694,6492368,Construction,COMMERCIAL,NEW,Plan Review,490000.0,2017-04-14,,2018-10-14,Permit Issued,47.59176906,-122.3829279
30742,6524361,Construction,COMMERCIAL,NEW,Plan Review,1565148.0,2017-03-01,,2018-09-01,Permit Issued,47.66248621,-122.369589
30935,6412408,Construction,COMMERCIAL,NEW,Plan Review,2483250.0,2015-10-14,2016-10-10,2017-04-14,Permit Closed,47.63849474,-122.3769606
30958,6552298,Construction,COMMERCIAL,NEW,Plan Review,5675055.0,2017-06-06,,2018-12-06,Permit Issued,47.57770886,-122.31020490000002
31090,6433898,Construction,COMMERCIAL,NEW,Plan Review,278360.0,2015-07-07,,2018-07-07,Permit Issued,47.56069233,-122.3324225
31242,6454647,Construction,COMMERCIAL,NEW,Plan Review,959000.0,2017-06-28,,2018-12-28,Permit Issued,47.59608631,-122.3114199
31419,6499769,Construction,COMMERCIAL,NEW,Plan Review,3985683.0,2016-10-28,2018-03-02,2018-04-28,Permit Closed,47.67566271,-122.3134801
31508,6378644,Construction,COMMERCIAL,NEW,Plan Review,6197898.0,2016-06-14,2018-03-19,2019-06-14,Permit Closed,47.63854074,-122.32620159999998
31681,6419756,Construction,COMMERCIAL,NEW,Plan Review,3080000.0,2016-10-05,,2019-10-05,Permit Issued,47.6213124,-122.34076609999998
31727,6467515,Construction,COMMERCIAL,NEW,Plan Review,280000.0,2017-07-19,,2019-01-19,Permit Issued,47.55470208,-122.2701658
31802,6596082,Construction,COMMERCIAL,NEW,Plan Review,7743253.0,2018-03-19,,2019-09-19,Permit Issued,47.66675551,-122.3720398
31887,6490595,Construction,COMMERCIAL,NEW,Plan Review,9149991.0,2017-02-26,,2018-08-26,Permit Issued,47.56087154,-122.29336709999998
31907,6503485,Construction,COMMERCIAL,NEW,Plan Review,681163.0,2017-06-14,,2018-12-14,Permit Issued,47.54561126,-122.3301378
32446,6531612,Construction,COMMERCIAL,NEW,Plan Review,1900000.0,2017-04-19,,2018-10-19,Permit Issued,47.62488719,-122.3347023
32652,6314550,Construction,COMMERCIAL,NEW,Plan Review,911200.0,2013-06-28,2015-06-02,2016-06-28,Permit Closed,47.56013448,-122.3864298
32768,6380693,Construction,COMMERCIAL,NEW,Plan Review,84995652.0,2015-01-06,2017-06-05,2018-01-06,Permit Closed,47.61632879,-122.3330523
32775,6371977,Construction,COMMERCIAL,NEW,Plan Review,7726129.0,2016-09-29,,2019-09-29,Permit Issued,47.63275501,-122.3425104
32998,6388591,Construction,COMMERCIAL,NEW,Plan Review,300000.0,2014-02-13,,2015-08-13,Permit Closed,47.70991472,-122.3253332
33092,6421330,Construction,COMMERCIAL,NEW,Plan Review,5100000.0,2015-06-17,2016-11-18,2016-12-17,Permit Closed,47.66673716,-122.3831091
33111,6555893,Construction,COMMERCIAL,NEW,Plan Review,868639.0,2017-07-27,,2019-01-27,Permit Issued,47.66385198,-122.3701725
33143,6496531,Construction,COMMERCIAL,NEW,Plan Review,700000.0,2016-06-07,,2017-12-07,Permit Issued,47.64978487,-122.377142
33465,6428899,Construction,COMMERCIAL,NEW,Plan Review,762694.0,2015-05-28,2017-10-03,2018-05-28,Permit Closed,47.56950867,-122.386246
33626,6544007,Construction,COMMERCIAL,NEW,Plan Review,1500000.0,2017-03-24,,2018-09-24,Permit Issued,47.66107313,-122.3156672
33660,6504242,Construction,COMMERCIAL,NEW,Plan Review,46350298.0,2016-11-14,,2018-05-14,Permit Issued,47.60601002,-122.3231741
33668,6481846,Construction,COMMERCIAL,NEW,Plan Review,33526557.0,2017-08-07,,2019-02-07,Permit Issued,47.60251514,-122.3204888
33854,6314114,Construction,COMMERCIAL,NEW,Plan Review,31702586.0,2016-10-14,,2019-10-14,Permit Issued,47.67611314,-122.3124304
33924,6363305,Construction,COMMERCIAL,NEW,Plan Review,13462714.0,2014-02-03,2015-05-27,2015-08-03,Permit Closed,47.60185619,-122.3170459
34284,6166912,Construction,COMMERCIAL,NEW,Plan Review,1251785.0,2015-06-15,,2016-12-15,Permit Issued,47.55648826,-122.2902749
34285,6353536,Construction,COMMERCIAL,NEW,Plan Review,1818000.0,2013-08-22,2015-04-03,2015-02-22,Permit Closed,47.61665268,-122.3326278
34375,6319992,Construction,COMMERCIAL,NEW,Plan Review,11596861.0,2014-03-03,2016-05-18,2017-03-03,Permit Closed,47.67554783,-122.3872397
34458,6388671,Construction,COMMERCIAL,NEW,Plan Review,468000.0,2014-02-19,,2017-02-19,Permit Closed,47.60724989,-122.3164411
34727,6516499,Construction,COMMERCIAL,NEW,Plan Review,1250000.0,2017-07-25,,2019-01-25,Permit Issued,47.60423386,-122.3154862
34848,6456440,Construction,COMMERCIAL,NEW,Plan Review,21004917.0,2015-08-12,2017-08-18,2018-08-12,Permit Closed,47.71787303,-122.29447659999998
34957,6510073,Construction,COMMERCIAL,NEW,Plan Review,513551.0,2016-09-27,2017-11-15,2018-03-27,Permit Closed,47.65978747,-122.3978807
35335,6392906,Construction,COMMERCIAL,NEW,Plan Review,19504854.0,2015-04-24,2017-08-24,2018-04-24,Permit Closed,47.63211623,-122.34152759999998
35383,6424553,Construction,COMMERCIAL,NEW,Plan Review,5030000.0,2015-05-22,2017-12-07,2016-11-22,Permit Closed,47.61709778,-122.3375332
35830,6329454,Construction,COMMERCIAL,NEW,Plan Review,600000.0,2014-02-07,2015-01-30,2015-08-07,Permit Closed,47.65921936,-122.3862884
36000,6361643,Construction,COMMERCIAL,NEW,Plan Review,650000.0,2013-09-16,2016-04-27,2016-09-16,Permit Closed,47.6199079,-122.3481733
36052,6448979,Construction,COMMERCIAL,NEW,Plan Review,25719796.0,2017-03-14,,2018-09-14,Permit Issued,47.61630005,-122.3390341
36188,6530812,Construction,COMMERCIAL,NEW,Plan Review,191358545.0,2017-10-18,,2019-04-18,Permit Issued,47.61889483,-122.3348704
36192,6463834,Construction,COMMERCIAL,NEW,Plan Review,4962065.0,2017-05-24,,2018-11-24,Permit Issued,47.61438165,-122.3222968
36436,6533344,Construction,COMMERCIAL,NEW,Plan Review,1687268.0,2017-08-22,,2019-02-22,Permit Issued,47.61875870000001,-122.3552476
36448,6603207,Construction,COMMERCIAL,NEW,Plan Review,1930210.0,2018-03-22,,2019-09-22,Permit Issued,47.61836439,-122.344514
36460,6516738,Construction,COMMERCIAL,NEW,Plan Review,3900000.0,2017-08-15,,2019-02-15,Permit Issued,47.61282934,-122.342242
36480,6580625,Construction,COMMERCIAL,NEW,Plan Review,2800000.0,2017-07-17,,2019-01-17,Permit Issued,47.63377733,-122.3756058
36534,6412152,Construction,COMMERCIAL,NEW,Plan Review,44878262.0,2016-06-15,2017-12-14,2017-12-15,Permit Closed,47.61556306,-122.3327618
36558,6285753,Construction,COMMERCIAL,NEW,Plan Review,2500000.0,2015-08-12,,2017-02-12,Permit Closed,47.60911773,-122.3383204
36655,6438159,Construction,COMMERCIAL,NEW,Plan Review,292239968.0,2017-03-14,,2018-09-14,Permit Issued,47.61630005,-122.3390341
36715,6313785,Construction,COMMERCIAL,NEW,Plan Review,4100000.0,2014-11-03,2016-04-11,2016-05-03,Permit Closed,47.62334132,-122.3345852
36970,6569113,Construction,COMMERCIAL,NEW,Plan Review,550000.0,2017-01-12,,2018-07-12,Permit Issued,47.63874172,-122.3693703
37309,6515128,Construction,COMMERCIAL,NEW,Plan Review,25247537.0,2017-09-23,,2019-03-23,Permit Issued,47.63377733,-122.3756058
37761,6484656,Construction,COMMERCIAL,NEW,Plan Review,506302.0,2016-03-17,2017-01-31,2017-09-17,Permit Closed,47.69321959,-122.3180822
37879,6180940,Construction,COMMERCIAL,NEW,Plan Review,14982063.0,2015-07-23,2016-11-28,2017-01-23,Permit Closed,47.61582105,-122.3461666
37967,6474068,Construction,COMMERCIAL,NEW,Plan Review,375000.0,2015-12-30,2018-02-14,2017-06-30,Permit Closed,47.62334513,-122.33620729999998
37985,6406611,Construction,COMMERCIAL,NEW,Plan Review,74320138.0,2015-03-25,2017-08-21,2018-03-25,Permit Closed,47.61184277,-122.3425428
38036,6511999,Construction,COMMERCIAL,NEW,Plan Review,2308800.0,2016-01-08,2017-03-17,2017-07-08,Permit Closed,47.70619241,-122.3258761
38275,6316847,Construction,COMMERCIAL,NEW,Plan Review,2228753.0,2014-10-15,2017-01-24,2017-10-15,Permit Closed,47.61717726,-122.3166999
38304,6389877,Construction,COMMERCIAL,NEW,Plan Review,1135000.0,2014-06-27,2015-12-30,2015-12-27,Permit Closed,47.66111774,-122.3410771
38965,6330647,Construction,COMMERCIAL,NEW,Plan Review,1200000.0,2013-08-08,2015-09-16,2015-02-08,Permit Closed,47.66786255,-122.3811338
39402,6414739,Construction,COMMERCIAL,NEW,Plan Review,12750752.0,2014-12-19,2017-01-25,2017-12-19,Permit Closed,47.61788237,-122.30425259999998
39476,6502377,Construction,COMMERCIAL,NEW,Plan Review,1018200.0,2016-05-20,,2019-05-20,Permit Issued,47.62403301,-122.3348678
39486,6576659,Construction,COMMERCIAL,NEW,Plan Review,11611206.0,2017-11-13,,2019-05-13,Permit Issued,47.65895242,-122.3175098
39504,6428491,Construction,COMMERCIAL,NEW,Plan Review,465329.0,2015-06-30,2016-08-29,2016-12-30,Permit Closed,47.67849569,-122.3763486
39594,6341268,Construction,COMMERCIAL,NEW,Plan Review,77707410.0,2013-06-17,2015-03-04,2014-12-17,Permit Closed,47.62906083,-122.3426014
39680,6426613,Construction,COMMERCIAL,NEW,Plan Review,5984810.0,2015-05-08,2017-10-18,2018-05-08,Permit Closed,47.61698493,-122.3319657
39690,6429608,Construction,COMMERCIAL,NEW,Plan Review,5061536.0,2015-09-15,2017-03-31,2018-09-15,Permit Closed,47.6356913,-122.3259269
39977,6365983,Construction,COMMERCIAL,NEW,Plan Review,48036060.0,2014-10-24,2016-09-26,2017-10-24,Permit Closed,47.64790943,-122.3381579
39982,6422743,Construction,COMMERCIAL,NEW,Plan Review,3191951.0,2014-12-05,2016-09-13,2016-06-05,Permit Closed,47.61632879,-122.3330523
40093,6287799,Construction,COMMERCIAL,NEW,Plan Review,9526644.0,2013-11-20,2015-02-20,2015-05-20,Permit Closed,47.57054446,-122.2914076
40252,6343533,Construction,COMMERCIAL,NEW,Plan Review,500000.0,2013-05-17,2015-07-23,2016-05-17,Permit Closed,47.66249799,-122.3167672
40404,6289087,Construction,COMMERCIAL,NEW,Plan Review,23580634.0,2013-04-24,2014-10-14,2016-04-24,Permit Closed,47.6241378,-122.3386931
40603,6448980,Construction,COMMERCIAL,NEW,Plan Review,5500000.0,2016-08-12,,2019-08-12,Permit Issued,47.61630005,-122.3390341
40728,6343532,Construction,COMMERCIAL,NEW,Plan Review,24557949.0,2014-03-18,2016-01-29,2017-03-18,Permit Closed,47.61445083,-122.3227283
40764,6182636,Construction,COMMERCIAL,NEW,Plan Review,5277154.0,2015-10-16,2016-06-09,2017-04-16,Permit Closed,47.66172677,-122.3175613
40766,6369078,Construction,COMMERCIAL,NEW,Plan Review,470717.0,2013-12-19,2015-07-20,2015-06-19,Permit Closed,47.61226958,-122.2888678
40848,6443214,Construction,COMMERCIAL,NEW,Plan Review,2468848.0,2017-07-05,,2019-01-05,Permit Issued,47.57480568,-122.2949945
41237,6366219,Construction,COMMERCIAL,NEW,Plan Review,15241446.0,2015-02-12,2016-08-15,2016-08-12,Permit Closed,47.66967529,-122.3879285
41281,6461700,Construction,COMMERCIAL,NEW,Plan Review,23006329.0,2015-12-02,2017-01-19,2017-06-02,Cert of Occupancy Authorized,47.59600159,-122.3162261
41448,6560347,Construction,COMMERCIAL,NEW,Plan Review,514964.0,2017-04-04,,2018-10-04,Permit Issued,47.61950007,-122.3314226
41809,6427812,Construction,COMMERCIAL,NEW,Plan Review,9778799.0,2017-08-28,,2019-02-28,Permit Issued,47.6131499,-122.3017131
42148,6404024,Construction,COMMERCIAL,NEW,Plan Review,338850.0,2015-01-14,2017-02-16,2018-01-14,Permit Closed,47.55447507,-122.38737659999998
42185,6488356,Construction,COMMERCIAL,NEW,Plan Review,1209754.0,2016-05-23,2018-02-28,2019-05-23,Permit Closed,47.60247849,-122.3210096
42216,6434860,Construction,COMMERCIAL,NEW,Plan Review,11000000.0,2015-08-25,2017-05-09,2018-08-25,Permit Closed,47.61457019,-122.3340078
42642,6319158,Construction,COMMERCIAL,NEW,Plan Review,16853395.0,2015-12-18,2017-09-01,2018-12-18,Permit Closed,47.60673038,-122.3203603
42706,6515716,Construction,COMMERCIAL,NEW,Plan Review,1600000.0,2016-10-18,,2019-10-18,Permit Issued,47.67611314,-122.3124304
42798,6380969,Construction,COMMERCIAL,NEW,Plan Review,40026381.0,2014-08-29,2016-11-02,2017-08-29,Permit Closed,47.65310607,-122.34318020000002
42880,6343703,Construction,COMMERCIAL,NEW,Plan Review,33898458.0,2015-02-04,,2018-02-04,Permit Issued,47.6201316,-122.3337787
42954,6283622,Construction,COMMERCIAL,NEW,Plan Review,4925757.0,2013-06-26,2014-12-29,2014-12-26,Permit Closed,47.57883692,-122.31106640000002
43060,6128401,Construction,COMMERCIAL,NEW,Plan Review,166696118.0,2015-09-09,2017-11-14,2018-09-09,Cert of Occupancy Authorized,47.6064785,-122.3313647
43074,6453012,Construction,COMMERCIAL,NEW,Plan Review,5982809.0,2015-06-19,2016-11-21,2016-12-19,Permit Closed,47.66306259,-122.3002169
43086,6414719,Construction,COMMERCIAL,NEW,Plan Review,37379562.0,2015-08-28,2017-01-19,2017-02-28,Permit Closed,47.62267378,-122.36041670000002
43605,6537719,Construction,COMMERCIAL,NEW,Plan Review,2191848.0,2017-02-02,,2018-08-02,Permit Issued,47.6154329,-122.346521
43632,6339340,Construction,COMMERCIAL,NEW,Plan Review,280589934.0,2013-10-15,2016-02-25,2016-10-15,Permit Closed,47.61523711,-122.33836399999998
43637,6354261,Construction,COMMERCIAL,NEW,Plan Review,74821023.0,2014-01-31,2015-05-05,2015-07-31,Permit Closed,47.62154693,-122.3401645
43643,6385774,Construction,COMMERCIAL,NEW,Plan Review,294031.0,2014-03-04,2015-07-15,2015-09-04,Permit Closed,47.65113836,-122.3417001
43726,6442049,Construction,COMMERCIAL,NEW,Plan Review,522600.0,2015-04-06,2016-09-14,2016-10-06,Permit Closed,47.69190816,-122.2900376
43774,6505691,Construction,COMMERCIAL,NEW,Plan Review,23878319.0,2017-05-26,,2018-11-26,Permit Issued,47.6154329,-122.346521
43783,6403753,Construction,COMMERCIAL,NEW,Plan Review,306532.0,2016-06-22,,2019-06-22,Permit Issued,47.53155054,-122.3252639
43830,6299015,Construction,COMMERCIAL,NEW,Plan Review,11810000.0,2013-05-17,,2017-11-17,Permit Issued,47.54009788,-122.3961213
43891,6333889,Construction,COMMERCIAL,NEW,Plan Review,3129964.0,2014-01-27,,2018-07-27,Permit Issued,47.65331592,-122.3598364
43980,6407198,Construction,COMMERCIAL,NEW,Plan Review,4862569.0,2015-03-02,2016-05-27,2016-09-02,Permit Closed,47.61269306,-122.3009915
44017,6518031,Construction,COMMERCIAL,NEW,Plan Review,13049016.0,2017-07-26,,2019-01-26,Permit Issued,47.69532615,-122.3557962
44059,6485901,Construction,COMMERCIAL,NEW,Plan Review,695900.0,2016-08-08,2017-11-06,2018-02-08,Permit Closed,47.65249823,-122.3583649
44420,6515246,Construction,COMMERCIAL,NEW,Plan Review,10767940.0,2017-07-14,,2019-01-14,Permit Issued,47.66006585,-122.3140358
44554,6528924,Construction,COMMERCIAL,NEW,Plan Review,93676710.0,2017-07-27,,2019-01-27,Permit Issued,47.62538578,-122.33645459999998
44698,6477089,Construction,COMMERCIAL,NEW,Plan Review,37198072.0,2016-08-19,,2019-08-19,Permit Issued,47.62071032,-122.3394284
44800,6439571,Construction,COMMERCIAL,NEW,Plan Review,928334.0,2015-06-02,2017-05-19,2016-12-02,Permit Closed,47.67486792,-122.3981398
44926,6337838,Construction,COMMERCIAL,NEW,Plan Review,8440924.0,2014-05-06,2016-03-09,2017-05-06,Permit Closed,47.62677806,-122.3417152
45006,6380259,Construction,COMMERCIAL,NEW,Plan Review,4679785.0,2014-08-11,2016-09-30,2017-08-11,Permit Closed,47.66767445,-122.374504
45135,6439573,Construction,COMMERCIAL,NEW,Plan Review,967119.0,2016-01-05,2017-10-04,2019-01-05,Permit Closed,47.57492118,-122.38717
45208,6457976,Construction,COMMERCIAL,NEW,Plan Review,400000.0,2016-02-24,,2019-02-24,Permit Issued,47.62112205,-122.3571381
45523,6175609,Construction,COMMERCIAL,NEW,Plan Review,21508436.0,2014-01-27,2016-03-09,2017-01-27,Permit Closed,47.66148571,-122.3157046
45534,6468338,Construction,COMMERCIAL,NEW,Plan Review,16852718.0,2017-09-23,,2019-03-23,Permit Issued,47.70790998,-122.33440729999998
45663,6529399,Construction,COMMERCIAL,NEW,Plan Review,305321.0,2017-09-16,,2019-03-16,Permit Issued,47.55326158,-122.362699
45917,6336473,Construction,COMMERCIAL,NEW,Plan Review,4632336.0,2013-10-23,2015-04-21,2015-04-23,Permit Closed,47.61371932,-122.3177533
45935,6425787,Construction,COMMERCIAL,NEW,Plan Review,1750000.0,2015-05-15,,2016-11-15,Permit Issued,47.64804333,-122.3566887
46000,6472970,Construction,COMMERCIAL,NEW,No plan review,308751.0,2015-05-07,2016-09-30,2016-11-07,Permit Closed,47.60723772,-122.3361213
46118,6120993,Construction,COMMERCIAL,NEW,Plan Review,3678377.0,2013-10-09,2015-03-20,2015-04-09,Permit Closed,47.67747634,-122.3268962
46290,6252500,Construction,COMMERCIAL,NEW,Plan Review,300000.0,2014-11-10,,2016-05-10,Permit Closed,47.6692679,-122.3780555
46467,6459582,Construction,COMMERCIAL,NEW,Plan Review,567472.0,2016-07-14,2018-03-08,2018-01-14,Permit Closed,47.63781765,-122.3784785
46524,6304546,Construction,COMMERCIAL,NEW,Plan Review,1325697.0,2013-08-07,,2018-02-07,Permit Issued,47.63100625,-122.3828297
46890,6368241,Construction,COMMERCIAL,NEW,Plan Review,4004672.0,2015-07-30,2017-08-28,2018-07-30,Permit Closed,47.61918048,-122.3022012
46936,6532759,Construction,COMMERCIAL,NEW,Plan Review,3035000.0,2017-03-13,,2018-09-13,Permit Issued,47.60669167,-122.33701090000002
47024,6357155,Construction,COMMERCIAL,NEW,Plan Review,5400000.0,2013-10-24,2015-06-09,2015-04-24,Permit Closed,47.62498078,-122.3388452
47241,6374587,Construction,COMMERCIAL,NEW,Plan Review,12100000.0,2014-02-07,2016-09-30,2017-02-07,Permit Closed,47.61586972,-122.3393811
47385,6335464,Construction,COMMERCIAL,NEW,Plan Review,3250000.0,2014-04-08,,2018-10-08,Permit Issued,47.72066643,-122.3122997
47697,6343550,Construction,COMMERCIAL,NEW,Plan Review,1200000.0,2014-01-21,2015-04-27,2015-07-21,Permit Closed,47.61445083,-122.3227283
47836,6411902,Construction,COMMERCIAL,NEW,Plan Review,2500000.0,2014-07-24,2015-05-26,2016-01-24,Permit Closed,47.66853804,-122.3537027
47891,6366839,Construction,COMMERCIAL,NEW,Plan Review,248165302.0,2014-07-23,2018-03-30,2019-01-23,Permit Closed,47.61586972,-122.3393811
48093,6301684,Construction,COMMERCIAL,NEW,Plan Review,29129630.0,2013-09-05,2015-10-16,2015-03-05,Permit Closed,47.62158027,-122.3556997
48126,6484693,Construction,COMMERCIAL,NEW,Plan Review,2500000.0,2016-03-17,2017-08-02,2017-09-17,Permit Closed,47.59867342,-122.3352065
48251,6472266,Construction,COMMERCIAL,NEW,Plan Review,1110958.0,2016-09-02,,2019-09-02,Permit Issued,47.66525297,-122.3716115
48262,6367082,Construction,COMMERCIAL,NEW,Plan Review,800000.0,2014-01-17,2015-12-09,2017-01-17,Permit Closed,47.67581376,-122.3873416
48264,6467867,Construction,COMMERCIAL,NEW,Plan Review,600000.0,2017-09-16,,2019-03-16,Permit Issued,47.64993468,-122.3480327
48457,6596512,Construction,COMMERCIAL,NEW,Plan Review,2950930.0,2017-06-14,,2018-12-14,Permit Issued,47.61919138,-122.3131263
48498,6543101,Construction,COMMERCIAL,NEW,Plan Review,2955538.0,2017-10-11,,2019-04-11,Permit Issued,47.57271129,-122.32203390000002
48503,6463164,Construction,COMMERCIAL,NEW,Plan Review,1200000.0,2016-06-17,,2019-06-17,Permit Issued,47.56216286,-122.2880346
48618,6649039,Construction,COMMERCIAL,NEW,Plan Review,439000.0,2018-03-31,,2019-09-30,Permit Issued,47.63970299,-122.37737479999998
48717,6556134,Construction,COMMERCIAL,NEW,Plan Review,1100000.0,2017-09-08,,2019-03-08,Permit Issued,47.60665738,-122.3239196
48971,6352324,Construction,COMMERCIAL,NEW,Plan Review,40573434.0,2014-09-17,2016-09-20,2017-09-17,Permit Closed,47.62304677,-122.3407984
49092,6583434,Construction,COMMERCIAL,NEW,Plan Review,2000000.0,2018-03-05,,2019-09-05,Permit Issued,47.6617059,-122.3740289
49300,6345785,Construction,COMMERCIAL,NEW,Plan Review,5100000.0,2013-10-02,2015-05-13,2015-04-02,Permit Closed,47.62251637,-122.3339166
49481,6294017,Construction,COMMERCIAL,NEW,Plan Review,1005000.0,2014-03-07,2015-06-19,2015-09-07,Permit Closed,47.64866803,-122.3839158
49542,6349308,Construction,COMMERCIAL,NEW,Plan Review,15222000.0,2014-04-21,2016-02-24,2017-04-21,Permit Closed,47.61544748,-122.3385324
49557,6534250,Construction,COMMERCIAL,NEW,Plan Review,800000.0,2017-01-05,,2018-07-05,Permit Issued,47.6696484,-122.3791989
49569,6367854,Construction,COMMERCIAL,NEW,Plan Review,18927932.0,2015-06-23,2017-05-01,2017-06-23,Permit Closed,47.60946442,-122.3428717
49770,6332444,Construction,COMMERCIAL,NEW,Plan Review,27746273.0,2017-10-10,,2019-04-10,Permit Issued,47.62103801,-122.3368241
50007,6537271,Construction,COMMERCIAL,NEW,Plan Review,1202124.0,2017-10-20,,2019-04-20,Permit Issued,47.54347197,-122.3768311
50010,6526354,Construction,COMMERCIAL,NEW,Plan Review,890000.0,2017-03-20,,2018-09-20,Permit Issued,47.61574546,-122.3479084
50048,6532016,Construction,COMMERCIAL,NEW,Plan Review,4097432.0,2017-03-13,,2018-09-13,Permit Issued,47.57852034,-122.2944017
50083,6339619,Construction,COMMERCIAL,NEW,Plan Review,6973850.0,2013-06-28,2015-04-30,2016-06-28,Permit Closed,47.56797295,-122.2727644
50281,6403247,Construction,COMMERCIAL,NEW,Plan Review,9564423.0,2016-09-29,,2019-09-29,Permit Issued,47.58099241,-122.39306100000002
50318,6472362,Construction,COMMERCIAL,NEW,Plan Review,850000.0,2016-06-09,,2017-12-09,Permit Issued,47.66919932,-122.37911470000002
50378,6556057,Construction,COMMERCIAL,NEW,Plan Review,5122412.0,2018-04-04,,2019-10-04,Permit Issued,47.61997251,-122.3388731
50459,6374794,Construction,COMMERCIAL,NEW,Plan Review,5812848.0,2017-04-14,,2018-10-14,Permit Issued,47.59176906,-122.3829279
50533,6445029,Construction,COMMERCIAL,NEW,Plan Review,903493.0,2015-02-04,2016-07-19,2016-08-04,Permit Closed,47.66967529,-122.3879285
50673,6542269,Construction,COMMERCIAL,NEW,Plan Review,55817443.0,2017-11-08,,2019-05-08,Permit Issued,47.60665738,-122.3239196
50852,6329297,Construction,COMMERCIAL,NEW,Plan Review,17500000.0,2013-08-23,,2019-08-23,Permit Issued,47.67705292,-122.3169622
50895,6534692,Construction,COMMERCIAL,NEW,Plan Review,20659089.0,2017-04-09,,2018-10-09,Permit Issued,47.60151917,-122.3266259
51115,6285721,Construction,COMMERCIAL,NEW,Plan Review,103861514.0,2016-02-08,2018-04-05,2019-02-08,Cert of Occupancy Authorized,47.60911773,-122.3383204
51167,6313438,Construction,COMMERCIAL,NEW,Plan Review,715096.0,2013-08-09,2014-03-05,2015-02-09,Permit Closed,47.55739752,-122.2851064
51576,6454720,Construction,COMMERCIAL,NEW,Plan Review,1300000.0,2015-07-16,2017-03-22,2018-07-16,Permit Closed,47.65141461,-122.3431969
51608,6330884,Construction,COMMERCIAL,NEW,Plan Review,34318592.0,2013-05-03,2014-12-18,2014-11-03,Permit Closed,47.70833372,-122.3220476
51614,6388507,Construction,COMMERCIAL,NEW,Plan Review,16846451.0,2014-08-01,2015-12-29,2016-02-01,Permit Closed,47.66111774,-122.3410771
51631,6347059,Construction,COMMERCIAL,NEW,Plan Review,377146.0,2014-11-03,2015-12-16,2016-05-03,Permit Closed,47.59716136,-122.311018
51804,6328834,Construction,COMMERCIAL,NEW,Plan Review,489510.0,2013-07-25,2015-05-29,2016-07-25,Permit Closed,47.60237461,-122.3182867
52106,6401357,Construction,COMMERCIAL,NEW,Plan Review,1034000.0,2014-07-24,2016-04-21,2016-01-24,Permit Closed,47.61387582,-122.3252557
52143,6458687,Construction,COMMERCIAL,NEW,Plan Review,11355604.0,2015-12-02,2017-03-08,2017-06-02,Permit Closed,47.61894243,-122.3544838
52525,6463189,Construction,COMMERCIAL,NEW,Plan Review,1365975.0,2016-06-14,,2019-06-14,Permit Issued,47.56203701,-122.2881641
52552,6300774,Construction,COMMERCIAL,NEW,Plan Review,12818877.0,2013-07-25,2015-07-21,2016-07-25,Permit Closed,47.60246647,-122.3177232
52632,6406106,Construction,COMMERCIAL,NEW,Plan Review,543000.0,2014-12-16,2016-08-05,2016-06-16,Permit Closed,47.61782318,-122.3041611
52637,6517101,Construction,COMMERCIAL,NEW,Plan Review,525000.0,2017-11-16,,2019-05-16,Permit Issued,47.66254948,-122.2949949
52754,6437394,Construction,COMMERCIAL,NEW,Plan Review,570000.0,2015-03-24,2016-07-29,2016-09-24,Permit Closed,47.62422755,-122.3571004
53045,6360348,Construction,COMMERCIAL,NEW,Plan Review,52898966.0,2017-04-05,,2018-10-05,Permit Issued,47.63560283,-122.3266618
53778,6353329,Construction,COMMERCIAL,NEW,Plan Review,67459821.0,2013-09-19,2015-06-01,2016-09-19,Permit Finaled,47.61673411,-122.3326804
53931,6461089,Construction,COMMERCIAL,NEW,Plan Review,2732400.0,2015-12-22,,2018-12-22,Permit Issued,47.6033626,-122.3311998
53967,6394052,Construction,COMMERCIAL,NEW,Plan Review,5677716.0,2015-03-13,2017-05-19,2018-03-13,Permit Closed,47.61094594,-122.3399262
54000,6470875,Construction,COMMERCIAL,NEW,Plan Review,91504626.0,2016-09-01,,2019-09-01,Permit Issued,47.622857,-122.3348371
54039,6143649,Construction,COMMERCIAL,NEW,Plan Review,7011058.0,2014-05-14,2015-12-17,2015-11-14,Permit Closed,47.61539704,-122.32709640000002
54175,6603982,Construction,COMMERCIAL,NEW,Plan Review,1290868.0,2018-04-11,,2019-10-11,Permit Issued,47.5522748,-122.38676909999998
54243,6427663,Construction,COMMERCIAL,NEW,Plan Review,25730597.0,2015-10-06,,2018-10-06,Permit Issued,47.62489222,-122.3306346
54994,6251303,Construction,COMMERCIAL,NEW,Plan Review,2969297.0,2014-12-17,,2019-06-17,Permit Issued,47.66146277,-122.3243056
55304,6590637,Construction,COMMERCIAL,NEW,Plan Review,498436.0,2018-04-12,,2019-10-12,Permit Issued,47.68652548,-122.3771217
55314,6514618,Construction,COMMERCIAL,NEW,Plan Review,24720202.0,2017-10-05,,2019-04-05,Permit Issued,47.66254948,-122.2949949
55402,6590717,Construction,COMMERCIAL,NEW,Plan Review,498436.0,2018-04-12,,2019-10-12,Permit Issued,47.68652548,-122.3771217
55412,6516677,Construction,COMMERCIAL,NEW,Plan Review,59732339.0,2017-04-21,,2018-10-21,Permit Issued,47.61574546,-122.3479084
55418,6287803,Construction,COMMERCIAL,NEW,Plan Review,8541334.0,2013-08-05,2015-02-13,2016-08-05,Permit Closed,47.61357841,-122.3325012
55545,6355637,Construction,COMMERCIAL,NEW,Plan Review,2592794.0,2014-12-18,2017-05-19,2016-06-18,Permit Closed,47.61469501,-122.3117293
55672,6343551,Construction,COMMERCIAL,NEW,Plan Review,13465865.0,2014-03-18,2016-01-29,2017-03-18,Permit Closed,47.61445083,-122.3227283
55826,6354888,Construction,COMMERCIAL,NEW,Plan Review,58032408.0,2014-01-09,2015-10-29,2017-01-09,Permit Closed,47.62498078,-122.3388452
55844,6399557,Construction,COMMERCIAL,NEW,Plan Review,28619695.0,2016-11-07,,2019-11-07,Permit Issued,47.62403301,-122.3348678
56568,6455927,Construction,COMMERCIAL,NEW,Plan Review,4500000.0,2015-12-16,2017-10-26,2018-12-16,Permit Closed,47.66818029,-122.312793
56575,6538622,Construction,COMMERCIAL,NEW,Plan Review,4050000.0,2017-02-27,,2018-08-27,Permit Issued,47.60151917,-122.3266259
56710,6387740,Construction,COMMERCIAL,NEW,Plan Review,582280.0,2014-07-28,2015-08-14,2016-01-28,Permit Closed,47.56510756,-122.387355
57058,6461699,Construction,COMMERCIAL,NEW,Plan Review,2400000.0,2015-08-24,2016-12-16,2017-02-24,Permit Closed,47.59600159,-122.3162261
57332,6383574,Construction,COMMERCIAL,NEW,Plan Review,5164882.0,2015-05-13,,2018-05-13,Permit Issued,47.67900255,-122.354888
57407,6525953,Construction,COMMERCIAL,NEW,Plan Review,450000.0,2017-02-01,,2018-08-01,Permit Issued,47.72270038,-122.2952129
57715,6306072,Construction,COMMERCIAL,NEW,Plan Review,32794976.0,2013-11-13,2015-09-29,2016-11-13,Permit Closed,47.55926496,-122.28655390000002
57883,6337277,Construction,COMMERCIAL,NEW,Plan Review,121993432.0,2014-11-07,,2019-05-07,Permit Issued,47.59812654,-122.3310006
58179,6595306,Construction,COMMERCIAL,NEW,Plan Review,15454258.0,2018-04-18,,2019-10-18,Permit Issued,47.62568886,-122.3480822
58287,6509439,Construction,COMMERCIAL,NEW,Plan Review,1432812.0,2016-10-11,,2019-10-11,Permit Issued,47.66519134,-122.3285895
58374,6519881,Construction,COMMERCIAL,NEW,Plan Review,3452496.0,2016-10-18,,2019-10-18,Permit Issued,47.55906312,-122.3818715
58708,6497511,Construction,COMMERCIAL,NEW,Plan Review,8631700.0,2016-10-19,,2019-10-19,Permit Issued,47.66836292,-122.3924765
58872,6322502,Construction,COMMERCIAL,NEW,Plan Review,2465714.0,2013-05-03,2014-06-16,2014-11-03,Permit Closed,47.6140908,-122.3442985
58998,6481614,Construction,COMMERCIAL,NEW,Plan Review,1250000.0,2016-05-25,,2017-11-25,Permit Issued,47.622857,-122.3348371
59005,6586498,Construction,COMMERCIAL,NEW,Plan Review,3760564.0,2017-11-07,,2019-05-07,Permit Issued,47.65614738,-122.3426226
